customer_tier,total_orders,returned_orders,return_rate
bronze,543,85,0.15653775322283608
silver,519,89,0.17148362235067438
platinum,477,66,0.13836477987421383
gold,375,50,0.13333333333333333
