category,total_orders,returned_orders,return_rate
beauty,613,87,0.14192495921696574
,124,29,0.23387096774193547
books,584,92,0.15753424657534246
home_garden,631,95,0.15055467511885895
electronics,559,97,0.1735241502683363
sports,604,92,0.152317880794702
clothing,579,71,0.1226252158894646
food_drink,567,86,0.15167548500881833
toys,614,93,0.15146579804560262
