customer_id,total_refund_amount
C00306,4605.51
C00313,3582.92
C00407,3444.51
C00413,3185.8199999999997
C00298,3181.67
C00296,3154.4300000000003
C00462,2964.9700000000003
C00254,2783.25
C00255,2667.23
C00444,2597.15
